{
  "creds": {
    "noiseKey": {
      "private": {
        "type": "Buffer",
        "data": "SMzvZgz5Bn3hqSb5ncVYQ5ZTOMlTFlHgmi9FUOZtrXE="
      },
      "public": {
        "type": "Buffer",
        "data": "Eii2ZlZA1RzLI9whnHA7c9NtukOqBs0U74U1esIu1RI="
      }
    },
    "signedIdentityKey": {
      "private": {
        "type": "Buffer",
        "data": "MGDiclQz8q+7MOpuVpIGmrqe8g2W9sMIEJLxZFxJeVY="
      },
      "public": {
        "type": "Buffer",
        "data": "ZEdUrS1RFVmH05nTdrkc/rNSmeR96B+mcwHtiUuRIk4="
      }
    },
    "signedPreKey": {
      "keyPair": {
        "private": {
          "type": "Buffer",
          "data": "uIT4K7/DA6mOcVLxYVwTolwE9vd6yyBNeV3eSRyTalg="
        },
        "public": {
          "type": "Buffer",
          "data": "pKulhggxHw5+o0lpo85dfwF5EySAMr51YEBb3r630T4="
        }
      },
      "signature": {
        "type": "Buffer",
        "data": "xBZW0xygD9pjEJviiieUEqJHsgi9ELhdL7tAU8fWFS6HR+jx6KII9nbSiKniH0SKxZftyl1IcAgIkgI45klHgQ=="
      },
      "keyId": 1
    },
    "registrationId": 192,
    "advSecretKey": "ku9nmJS5Td9FTqZOVeHpqKYYGTlA9HqdgldhKTgkybU=",
    "processedHistoryMessages": [
      {
        "key": {
          "remoteJid": "218917141552@s.whatsapp.net",
          "fromMe": true,
          "id": "71F638449A3014B331097126EB1456B3"
        },
        "messageTimestamp": 1669601174
      },
      {
        "key": {
          "remoteJid": "218917141552@s.whatsapp.net",
          "fromMe": true,
          "id": "0C41F24C010DCBA2A2080D46F88B298F"
        },
        "messageTimestamp": 1669601174
      },
      {
        "key": {
          "remoteJid": "218917141552@s.whatsapp.net",
          "fromMe": true,
          "id": "41C1E8B65EA5BA0DCCF0000BEDB0A20D"
        },
        "messageTimestamp": 1669601176
      }
    ],
    "nextPreKeyId": 33,
    "firstUnuploadedPreKeyId": 33,
    "accountSettings": {
      "unarchiveChats": false
    },
    "account": {
      "details": "CJDC3NkFEJGvkJwGGAM=",
      "accountSignatureKey": "yNp8NF0BTC3ymHFH/oI80vX2UWblRMoWh7qp8Yhi8jY=",
      "accountSignature": "GIxHpCIxlCpYZngFo42WNrU3pLksKrPfMzqn0h2yF6DOJImyAhuMCTXts+7XaAx9cANc//JD98f4Qha/6+sJAw==",
      "deviceSignature": "IZESYPARjEcvr7pKBBH2Q4LhQcViyQjqtiOf8EPm/CjT1N5Ke/lihvd6JfyHAOLZBH/58wZbsIolRNzU66WMhQ=="
    },
    "me": {
      "id": "218917141552:15@s.whatsapp.net",
      "name": "Obito"
    },
    "signalIdentities": [
      {
        "identifier": {
          "name": "218917141552:15@s.whatsapp.net",
          "deviceId": 0
        },
        "identifierKey": {
          "type": "Buffer",
          "data": "BcjafDRdAUwt8phxR/6CPNL19lFm5UTKFoe6qfGIYvI2"
        }
      }
    ],
    "platform": "android",
    "lastAccountSyncTimestamp": 1669601171,
    "myAppStateKeyId": "AAAAAAlF"
  },
  "keys": {
    "preKeys": {
      "1": {
        "private": {
          "type": "Buffer",
          "data": "WACkDN3h3KpUKDRNsXdR73KqG6UwhLP1VoMNJ0Bb4Us="
        },
        "public": {
          "type": "Buffer",
          "data": "JRJv2oCslslH2UWn9sO88twvoi+oMzFuwUx3tz2fHQc="
        }
      },
      "2": {
        "private": {
          "type": "Buffer",
          "data": "YL6vIyHre0K1yqhKpr2deokHKEmS1eDpMoV9y02cplo="
        },
        "public": {
          "type": "Buffer",
          "data": "e8pfln7tkjpXc+K8OJLyBdu8dbLM7odc1m3oJpLXKn4="
        }
      },
      "3": {
        "private": {
          "type": "Buffer",
          "data": "KHI1IpzSGZ9VTNTppyHCWM5Ddb5QmaacDLjSKirYL1w="
        },
        "public": {
          "type": "Buffer",
          "data": "HP1pOe+qfSFMiua3Rva8Oua30YzBOn9/BYHaAZjnSGI="
        }
      },
      "4": {
        "private": {
          "type": "Buffer",
          "data": "6J5HjwA78PA9ZDvuPfuKq21gz6ykKNzdLLYZ5Yb5P3A="
        },
        "public": {
          "type": "Buffer",
          "data": "DA19L6853IHQIH3iOTLsMU5vp1LIvNPU+QRMcPbKdE0="
        }
      },
      "5": {
        "private": {
          "type": "Buffer",
          "data": "kIlnkLNjpE8Jua6SldN3AAEz+jlgPo3Yfls1KRyB03M="
        },
        "public": {
          "type": "Buffer",
          "data": "OfyvjJlPg7N4Z5yFLnj5MrsvjaZkjI0NY+Fd3ByNwxg="
        }
      },
      "6": {
        "private": {
          "type": "Buffer",
          "data": "sC3/SWZs6/uq3iChnKbI62hMtxqc/F+/2mUExZQLXk4="
        },
        "public": {
          "type": "Buffer",
          "data": "fvuYHrQoxWvGkHJ3AD/ldmHbGLaOfRyT6+XWzyqulRA="
        }
      },
      "7": {
        "private": {
          "type": "Buffer",
          "data": "+M+hhoRiNVVFuEPUaCzwtnOkA59elI29aKvzTg/U0kc="
        },
        "public": {
          "type": "Buffer",
          "data": "8NuZpWXac5mu95AWjQ7nZ5aW59t0UUhhF9Io2MAEwCs="
        }
      },
      "8": {
        "private": {
          "type": "Buffer",
          "data": "sMsA1NMBGSd2orsju/0Q4FVAWfHd1Hd2IlGZY+F37nY="
        },
        "public": {
          "type": "Buffer",
          "data": "07qCl6P5aZnRrVs3UjztNjPfGj6ViabdTfC813Vfa1g="
        }
      },
      "9": {
        "private": {
          "type": "Buffer",
          "data": "mMYPXXJpjRnLmRHCKnXL3nqnZE5LFQ+TBHWs4p8ZG1g="
        },
        "public": {
          "type": "Buffer",
          "data": "9SInYoQyjNwUbkVFuFV0nek7ZJYr1FQ29giuLbLHRHQ="
        }
      },
      "10": {
        "private": {
          "type": "Buffer",
          "data": "UGQq5V8Bz/VMCnAAeGdBjUSVeg728LHRcjTC2od1q3Y="
        },
        "public": {
          "type": "Buffer",
          "data": "XelkECtZhEj+mN+xVFpOEH7o/YQVxhBEs4S/kkbtHmI="
        }
      },
      "11": {
        "private": {
          "type": "Buffer",
          "data": "GKs62DJ11QzYcAYHYRwifNwES8K8Qo9djFBmiaQ/UU8="
        },
        "public": {
          "type": "Buffer",
          "data": "6dbosyqYicdIKy1SURnWaOu4a/KmNvD+NKloYfK4NHQ="
        }
      },
      "12": {
        "private": {
          "type": "Buffer",
          "data": "WM9CIn7ZNZfHBmAoTAoW6pXYsw4zowGVs1aBgr4vt0s="
        },
        "public": {
          "type": "Buffer",
          "data": "f0Dt05xj+6VmwRFlZOGUfXGJ+elucktIv0trM/wSSHA="
        }
      },
      "13": {
        "private": {
          "type": "Buffer",
          "data": "cK6YnhT6rlEOsY1PdrUJ4dXKGY55sQS8d9uG4j1jNk8="
        },
        "public": {
          "type": "Buffer",
          "data": "rm8nZxsGdm08VAlEyd4nGzHLGaJnzn1uJyMUOi8TZUI="
        }
      },
      "14": {
        "private": {
          "type": "Buffer",
          "data": "CIDbJEr7+jnMl6LlmszHGVh9rjkEgoDpfbMOxRI/D1A="
        },
        "public": {
          "type": "Buffer",
          "data": "PebS3Ol/WksXFHkSkUuMjYLafjV2z3wPqktovVtciyw="
        }
      },
      "15": {
        "private": {
          "type": "Buffer",
          "data": "kMYJtRsqU6hKVjJT23GQPLUZWPtpx5AK1zH+F4QRw18="
        },
        "public": {
          "type": "Buffer",
          "data": "fnnZZU2BmY7Y+Fu2m8WbB0SQSwbXAxFpSJXpM+Pkkl8="
        }
      },
      "16": {
        "private": {
          "type": "Buffer",
          "data": "aG68Tv6auTo97fsddOzjWPsLSFk9CTn/9i60Wud9Z0E="
        },
        "public": {
          "type": "Buffer",
          "data": "CVIp9l+wWbaktnGLiL21vGoUlhfUY8OAb8IEdTgbgyc="
        }
      },
      "17": {
        "private": {
          "type": "Buffer",
          "data": "YIi6lg9hSHLtIcM+MGdvCGo7jLl1wjRyGVpDt8aQSWY="
        },
        "public": {
          "type": "Buffer",
          "data": "Q3ilvtF6oQ2Ufj43N1fvGNtrI5/QT41BVw8AceCXKn0="
        }
      },
      "18": {
        "private": {
          "type": "Buffer",
          "data": "mLyyTAIRbx711+iC+bhTt8oflMZUIdHfBLwyjsFvAlo="
        },
        "public": {
          "type": "Buffer",
          "data": "/zxYJHmfvHP338YhpbdJh7UWAfE89sp1w5EOBiHK2lU="
        }
      },
      "19": {
        "private": {
          "type": "Buffer",
          "data": "GNk5WpDtZh2swyLJ5Hge5v1Nnw4XPPIJI7M5XznxXV4="
        },
        "public": {
          "type": "Buffer",
          "data": "UBAY3IQ04s6TkoiPH8Q4pO9OqX3z8eVCei954eK59go="
        }
      },
      "20": {
        "private": {
          "type": "Buffer",
          "data": "kPfy0X6RnVlZ7a9LfbtbIcSV7YTexwDqjexhBMMgMUI="
        },
        "public": {
          "type": "Buffer",
          "data": "QRW+GYxSChlvLioBuyThO67LoWUwmZYWFMvls52FfT0="
        }
      },
      "21": null,
      "22": {
        "private": {
          "type": "Buffer",
          "data": "oKM7RGy11nHFMEpQQS3dzyTuZQUeqUbbPw7DdPrkKEQ="
        },
        "public": {
          "type": "Buffer",
          "data": "wN5L2DurWyMRUt8uTLtu/qPPL3qO85rkpTInqjbhMDw="
        }
      },
      "23": {
        "private": {
          "type": "Buffer",
          "data": "gG+6f5Sv6f3Vh9N9Cwsx2pnEoWoqAXkvLpFfl4ZGzX8="
        },
        "public": {
          "type": "Buffer",
          "data": "D7lZwuRlptMHM4Vo1vc0te9Cx1CM0DeytV73T33xQmY="
        }
      },
      "24": {
        "private": {
          "type": "Buffer",
          "data": "qFUBVOFzFVZKqrJfxY88ojhVk6Hj1qeKfXEF9jr9L0U="
        },
        "public": {
          "type": "Buffer",
          "data": "uRx/8pDQ5RaHN6KrXnEMdUQ1riRExPcuD/wqDUCUI18="
        }
      },
      "25": {
        "private": {
          "type": "Buffer",
          "data": "eBepczipL2XOdF0IwRkKx+4USAw2dAXVOUuaTAUEZWM="
        },
        "public": {
          "type": "Buffer",
          "data": "s2ozr3C88ZTvoiW7ZoBpIz2xATPE7G5FfyeD0sD8Zwg="
        }
      },
      "26": {
        "private": {
          "type": "Buffer",
          "data": "8FPCUT/KHpO+QleaVi55Cx4BipdiVFXuxoHvry/Ykl8="
        },
        "public": {
          "type": "Buffer",
          "data": "wnMwoF75vYV5oClHG+2kPOIFFPRMEaIg4i2TP4ru9Wo="
        }
      },
      "27": {
        "private": {
          "type": "Buffer",
          "data": "QKQtPRgFEjWWw2eO08SOK4r+XTbRio/RPr8L/k6M420="
        },
        "public": {
          "type": "Buffer",
          "data": "Pmtk8uT5IMLhtS5ha1+ooKhhlXXMAzYLZ+Wzj+Ju4FI="
        }
      },
      "28": {
        "private": {
          "type": "Buffer",
          "data": "oDoRp5XHd1L07aV2yxPY4JaKnPK7y2FrCmGkQZQuy1c="
        },
        "public": {
          "type": "Buffer",
          "data": "H3XdhFqLhzZczssfYkveZcGtMMlA09GjZa/DDBLa0kA="
        }
      },
      "29": {
        "private": {
          "type": "Buffer",
          "data": "YGLR1mAX0p2uFfpiRT1PCXRElNW6d3oGPMsQsa90qEA="
        },
        "public": {
          "type": "Buffer",
          "data": "QqBdVEvLPyEoLNM3DRqETydwiDiSpQoJiBLz1UwXeig="
        }
      },
      "30": {
        "private": {
          "type": "Buffer",
          "data": "6H8u5FYyRYwLQ9KKEpiRGEq0ixQQCtyrxKwPITdK6l4="
        },
        "public": {
          "type": "Buffer",
          "data": "RzAWnxDtwxbySep34Mvv32xmBU76XSsQHxCI/TRtUjg="
        }
      },
      "31": {
        "private": {
          "type": "Buffer",
          "data": "kBaSL2gnhbJldsdNVcuPZMoSH/MeFteqis3e6gr6WFY="
        },
        "public": {
          "type": "Buffer",
          "data": "pgHqBxuh0K3+JMJ8ktdSuA+EQzXuXaR5isQ/4/sjewU="
        }
      },
      "32": {
        "private": {
          "type": "Buffer",
          "data": "OPQUKzt/y5TpW1iSjhrajIo/iT32Vk/9IHlUvPH7CXs="
        },
        "public": {
          "type": "Buffer",
          "data": "8fJx1o1EnsLdHUjo6EUGjcRuBc160IPNQ+LbyEm4H30="
        }
      }
    },
    "sessions": {
      "218917141552.0": {
        "_sessions": {
          "BdV9xV/seXquGdLTysi+aY9nnLZ0WBtecYwx0GgNWc9r": {
            "registrationId": 128494168,
            "currentRatchet": {
              "ephemeralKeyPair": {
                "pubKey": "BTdyrXGbEdfBf/SkSiNf0eAHR5Sw/XkYUvok+Fo+hcNu",
                "privKey": "KD4zYc6qK7P7Vlhus0R1/IJjLQLQHX4S/2N8Q5X1M0Q="
              },
              "lastRemoteEphemeralKey": "BXstssMVSMV0gVjD4wxYF53xNTUnP0ldAEmX2l7jmzFU",
              "previousCounter": 0,
              "rootKey": "eaInuupsJb5+xI0RtcLCTqI37rpgU3iygzT1RS98Ke0="
            },
            "indexInfo": {
              "baseKey": "BdV9xV/seXquGdLTysi+aY9nnLZ0WBtecYwx0GgNWc9r",
              "baseKeyType": 2,
              "closed": -1,
              "used": 1669601173556,
              "created": 1669601173556,
              "remoteIdentityKey": "BcjafDRdAUwt8phxR/6CPNL19lFm5UTKFoe6qfGIYvI2"
            },
            "_chains": {
              "BXstssMVSMV0gVjD4wxYF53xNTUnP0ldAEmX2l7jmzFU": {
                "chainKey": {
                  "counter": 6,
                  "key": "Nn4NqLiTozVNfoTithxWOWApnAD+8vb52NNpa5J4RFo="
                },
                "chainType": 2,
                "messageKeys": {}
              },
              "BTdyrXGbEdfBf/SkSiNf0eAHR5Sw/XkYUvok+Fo+hcNu": {
                "chainKey": {
                  "counter": 1,
                  "key": "yF200SX/Vdrigb/XsN0lxiUykYaM1/mwB03bBHzIqL8="
                },
                "chainType": 1,
                "messageKeys": {}
              }
            }
          }
        },
        "version": "v1"
      },
      "218917141552:13.0": {
        "_sessions": {
          "BY2X32KgLwdbLLVFAe7l6/8D/CeaxNveeMofOetX6nU6": {
            "registrationId": 87,
            "currentRatchet": {
              "ephemeralKeyPair": {
                "pubKey": "BevKZG4lPQbBb6JlHLSs4Bu4RL4kjI8WfLVPzJfhP/ET",
                "privKey": "6A9gP3n8oLDu8cPpyJddmd1aBw6D+ogrf8G1UVN+l2E="
              },
              "lastRemoteEphemeralKey": "BZhHJadp5l2N0XgWC9gox4KKnHHDVJdZ0AMK4lM9RVJH",
              "previousCounter": 0,
              "rootKey": "CkgRpmFh5/hzk9LQ2rmlQL1bJslOnDKpE0OVXfTAYZk="
            },
            "indexInfo": {
              "baseKey": "BY2X32KgLwdbLLVFAe7l6/8D/CeaxNveeMofOetX6nU6",
              "baseKeyType": 1,
              "closed": -1,
              "used": 1669601182860,
              "created": 1669601182860,
              "remoteIdentityKey": "BUilFsN0M2fbMuhtBu1NOXTAQBdo/Zy5cYrHq3bB5B8V"
            },
            "_chains": {
              "BevKZG4lPQbBb6JlHLSs4Bu4RL4kjI8WfLVPzJfhP/ET": {
                "chainKey": {
                  "counter": 0,
                  "key": "nLPDJtfPkWg1h+KABFI92QKkXVtmcaG40MztWgAmWmw="
                },
                "chainType": 1,
                "messageKeys": {}
              }
            },
            "pendingPreKey": {
              "signedKeyId": 1,
              "baseKey": "BY2X32KgLwdbLLVFAe7l6/8D/CeaxNveeMofOetX6nU6",
              "preKeyId": 17
            }
          }
        },
        "version": "v1"
      },
      "218917141552:14.0": {
        "_sessions": {
          "BX/8+/c5FB6gBuV5tFdl2MxPNy85gdozWzRExvhobuYy": {
            "registrationId": 59,
            "currentRatchet": {
              "ephemeralKeyPair": {
                "pubKey": "BWuXEqmhdl27hyFgQHDPik++QyBEQczN7ybIH+UjHVo+",
                "privKey": "sI4yoWEJggVbFImaCV23EeJDxjkJlsFL0scOEjrw7Fg="
              },
              "lastRemoteEphemeralKey": "BfvhjqMfdwR5gwch44qt2eTynLY1592UcXr7vWMgclNy",
              "previousCounter": 0,
              "rootKey": "KOJK/6iJtx3aH0N8j8shnApyeIZf7L8tJiHIm0Evg5E="
            },
            "indexInfo": {
              "baseKey": "BX/8+/c5FB6gBuV5tFdl2MxPNy85gdozWzRExvhobuYy",
              "baseKeyType": 1,
              "closed": -1,
              "used": 1669601182926,
              "created": 1669601182926,
              "remoteIdentityKey": "BcfVp7BnVdyc0NYEg3gYcMdF00DtxbrqJcIBCHjczQwy"
            },
            "_chains": {
              "BWuXEqmhdl27hyFgQHDPik++QyBEQczN7ybIH+UjHVo+": {
                "chainKey": {
                  "counter": 0,
                  "key": "QSqRxgzkUKBgIdztD+89AqiEVS7qsrMatp+iQcakvPc="
                },
                "chainType": 1,
                "messageKeys": {}
              }
            },
            "pendingPreKey": {
              "signedKeyId": 1,
              "baseKey": "BX/8+/c5FB6gBuV5tFdl2MxPNy85gdozWzRExvhobuYy",
              "preKeyId": 11
            }
          }
        },
        "version": "v1"
      }
    },
    "appStateSyncKeys": {
      "AAAAAAlF": {
        "keyData": "wYnxI00ZVHUCm6x6aj6BcNP3iHUH317zFLkBRlVXxs0=",
        "fingerprint": {
          "rawId": 1530339600,
          "currentIndex": 1,
          "deviceIndexes": [
            0,
            1
          ]
        },
        "timestamp": "1669597406317"
      }
    },
    "appStateVersions": {
      "critical_block": {
        "version": 1,
        "hash": {
          "type": "Buffer",
          "data": "Wnl9ry5MnP1ggi/DgNELgiJPRk4b7qsqMPZLTux2jj2kt7TN/KcWtDCJJTv7CfZqyiSTxyODkJFPXMYhmf3fRCuWX2p2Tbav5HAFYhjVJ0FgnsdVDi08G8AJqsfg9G102z+bVBNzxOmchlQD1cyRcxsVRD/Wu7KCeOTswrXs1+8="
        },
        "indexValueMap": {
          "nb4guqBC+dn4fJQlIPwT8AZwnNfHOMSOJILfm2JyC8E=": {
            "valueMac": {
              "type": "Buffer",
              "data": "CFn7g0IUrVCLXLSMb687QnMs8u/GDZJdfR1eUOkNZU4="
            }
          },
          "4kes+K3c7EewDDsfoZF79PhY3wBZKl0R0BHIg4Aiw2U=": {
            "valueMac": {
              "type": "Buffer",
              "data": "OGsC6idFDoyVWK5D7R8wU+RDwS1rrmczM2EVPEccclw="
            }
          }
        }
      },
      "critical_unblock_low": {
        "version": 1,
        "hash": {
          "type": "Buffer",
          "data": "8UkMCjnDcYBNFnOsjSgBURd1hme79vSSSOnUfNn6EmbufJIwKlB5zykyn7lZb1Pq/+z8d9sP6EkpiO85mdIvD01LLhbJGJQkxc8Z0WoRu3CA9jsocCZl2Uil9ILWBHiS1hYSpcTAn/AOe3V9tWWT5oCO0i4PQPEJ1cFHpL4c6n0="
        },
        "indexValueMap": {
          "6pB+gB7/WV5Q0ukp6ietRsxfDfiK8lRkA7Gdmm6fiMI=": {
            "valueMac": {
              "type": "Buffer",
              "data": "zzrm/JDRARAjMv5D4dd+GGbs6nOpzRyDmUDJ25BJo78="
            }
          },
          "8mOpKiIOlhac/WWjJQ1N43pKd8zfsG+9Wa+pAmSuuOE=": {
            "valueMac": {
              "type": "Buffer",
              "data": "aUxBEZcrZ/w9ERKeD0o5CKbln/e86ND6T6e5g8bysSU="
            }
          },
          "6XqNeVuCTRvPvsexZXSU5lHZM2zqfP5z754GX/ocB+M=": {
            "valueMac": {
              "type": "Buffer",
              "data": "9y6TIA5Ev67hl6Bv7ddN64zND+eMoRYddvrAy2lqt9U="
            }
          },
          "ycVqD/EfKMBbHzURBZ2EJ6NK/SQlqMuHiQPrc5MKP34=": {
            "valueMac": {
              "type": "Buffer",
              "data": "R5anOvX76DUpGumLKsZAiLYuQHfUCKvgQHWGCnEFivo="
            }
          },
          "C1Ik22m/sUpvBA8Rm6pG3UU/RaGgr8MbmzV/LeOX1Sk=": {
            "valueMac": {
              "type": "Buffer",
              "data": "gxkYHJT1lGrSpNE+ayaCq02Y5UyTTzKUTPPj8pPU+OM="
            }
          },
          "FG3/vQ68P+YEs+feL56NBMxAw4zlZjs1t2+Tbe23Tp0=": {
            "valueMac": {
              "type": "Buffer",
              "data": "EjNyndhmvQ6L6TSEJf6tUJNt4p/SkGWDIUOpbvrF9Mc="
            }
          },
          "yV4GB+W5rFMb52TBmA75bSI0lPtazvVDLJp53hbLzfY=": {
            "valueMac": {
              "type": "Buffer",
              "data": "ihC75c4szbsJoGyzEQx/AQHh2cOcCTkGPlZJEoT3FD8="
            }
          },
          "hozX0hvLDmHqYg+jBDtvAjJgR00Z4SZGlX06L46BG7o=": {
            "valueMac": {
              "type": "Buffer",
              "data": "4Q7YPfo+9W0wJqdm76pFWel7KAD6iM8DUfVjk4Dxi+I="
            }
          },
          "azChsRCsOwUKv8MR5sqXq4RAMqbRPS+iq4DyB8T5SXY=": {
            "valueMac": {
              "type": "Buffer",
              "data": "WT8lXo4lEpNoRUhS8alcW6SpIWNU1gCk3QFnjoIrHQE="
            }
          },
          "+JaoBaYF5cYho+V/r2dC/gXXIXBfM/tjx0eMwnyXDGY=": {
            "valueMac": {
              "type": "Buffer",
              "data": "Zjt3n9bhetvG2CAIzhcQL6g3XZvlgblzcnuD1KB6gns="
            }
          },
          "NotFSlROrGCr0EuN1x6WLpBiMXA8QliLVaT3XxX4/Dg=": {
            "valueMac": {
              "type": "Buffer",
              "data": "9BoTLiiF6qIE8C73ThruoWD9koV3lHXktvHcBLPqhwQ="
            }
          },
          "n1OLTAQtgxTaXy3JcI5lNbhLlY8c8jINGzJh7dw/rdo=": {
            "valueMac": {
              "type": "Buffer",
              "data": "6qownn1Px1zFfNiHBk0ZVGiqvlYHFZ4qoYnb+jiUev4="
            }
          },
          "Wt8oKRLyIJFeDkT84ufhpxu4cKnOc9iayYkdGiypnxU=": {
            "valueMac": {
              "type": "Buffer",
              "data": "AeHcIaDIQawVnJedTO41bw8j73W+c84s+pD6dyTHhbI="
            }
          },
          "5MYTBWkQ5fVuuw5LLnyWYqSQ7VnwugLyRyWQq0NvrQ8=": {
            "valueMac": {
              "type": "Buffer",
              "data": "dM9xisu59kxCiPxbYOcREDbDSFO7TPbPjSLWPkFkY3E="
            }
          },
          "SP1jHhxCbDhZc1IVHWY6F/zlR3uCiOnmSOxQClNgISQ=": {
            "valueMac": {
              "type": "Buffer",
              "data": "7safZrlclwpPj1RL0ZBKHuVl7bmkkCqIMui7qNLx+R4="
            }
          },
          "suB1XgkGePsghWjyR/wkRC8w9S1ai0A4TQDMq7zfzyA=": {
            "valueMac": {
              "type": "Buffer",
              "data": "7NR6h3CznA5Fh+j/zz2FhyDVa3QRMyZ+/rKrWxC0SWU="
            }
          },
          "88mO36oXZIwQJotadXfLk2rbnH5xTnYuCw7Mj2CawkY=": {
            "valueMac": {
              "type": "Buffer",
              "data": "kxXt/BjLFODyBNpyMD3LyVrqU3Xk2+Ht3z5QArzEFek="
            }
          },
          "/nGgej7I5eRwhQiolDCdlgdzHMLSbEMRUfapfNmyjmo=": {
            "valueMac": {
              "type": "Buffer",
              "data": "w3zao6IxR9ajGvaa3CxPBfqE7C6h3rPExRc51tAT6KQ="
            }
          },
          "/HOAM/PtsY86DHrR3DJvBsZN1ZDE+1bMEay4ZktuBzk=": {
            "valueMac": {
              "type": "Buffer",
              "data": "u9Oe5jA6hsC/mZ30sSbanPGDqz5oryUPILEit1UhyAQ="
            }
          },
          "9RcxHhVRYVFZptVID7E7vRSZ4+saGaO6ZEX3Ms18/FY=": {
            "valueMac": {
              "type": "Buffer",
              "data": "JGLO/yG4WwyEWkHvh/ZEBSahUmwa0/KX9TR0vnBtiLo="
            }
          },
          "C+h5x0vDVBkYeCLfYcuM55LN9zdbE81gX1lqare7SWA=": {
            "valueMac": {
              "type": "Buffer",
              "data": "f+qRv1ZTbBTbXno63r0lvwx+/ZHlds3pO8tb4lQD60c="
            }
          },
          "RZlb3/svPwRibKpwxXjM7UhrbrFvH+9pQUUty9/ysLY=": {
            "valueMac": {
              "type": "Buffer",
              "data": "bhMoxN/l26cLtTCAWgYQr6AyxmlaLfgGyuf70/mhJQY="
            }
          },
          "t0jKu66CQHO9T4oU9dsdf7+ZCpCZWmarDxc6NOxYE24=": {
            "valueMac": {
              "type": "Buffer",
              "data": "uhdpPpjpluMuCHdSWVfOyl1QBjXm12gEowQ6UGCUkzM="
            }
          },
          "TsoETsM+5iisqeEJ7DaVm8vPxevrJtt87dihLss8ajM=": {
            "valueMac": {
              "type": "Buffer",
              "data": "syEYyIMeswfzntdiPwEmAwfIwW4hHXgP7tO0foTxRN0="
            }
          },
          "4pckjmbLwZY9WiQTBPbE6Uu5kiOrouAEF7SOBQfbxZQ=": {
            "valueMac": {
              "type": "Buffer",
              "data": "RDEcPbbwC9wvzaodh8e5wgsNGw+32MKdmjvdKz70UeU="
            }
          },
          "WHlQ7VENtYGSvozCgMMREjSeJUCSrd9JIMSFd4Xe6wo=": {
            "valueMac": {
              "type": "Buffer",
              "data": "moLEAR80vS0PUD6qsu/3P4MK3ylUY5iQRLLZB6biOro="
            }
          },
          "9b7gOp0vhaa4ohm0ajP/N2zC3zC+3FijfTpbMisqPcI=": {
            "valueMac": {
              "type": "Buffer",
              "data": "xgzxvoA268S3d4ntbBQXIqrzRqlsCaiG+BWNTaZNt3M="
            }
          },
          "AdPRy1XmIL2ccP1c9/ltjaq3hY/7w+xXOFWzFPBuB6M=": {
            "valueMac": {
              "type": "Buffer",
              "data": "33GRQjIRWbOmGq/HZq1Qww6zxFGP8k4Z6cl1AldQELk="
            }
          },
          "FmyzTCFhfyGLmbj23wkp0M0Iu/Awxks3UHDTG6cshm0=": {
            "valueMac": {
              "type": "Buffer",
              "data": "thNHkpn0xmPA4m5nvT67Nux8U0ACmdxCD9CnW6s/BX8="
            }
          },
          "Z2VtfZiFpG9IzZTxgCr1eF1+eg8MZs49VbbHgRi1ifw=": {
            "valueMac": {
              "type": "Buffer",
              "data": "keztGYRGtumsCMMa3Lg9XiRvBHU9RleDE6zjByZ8rXI="
            }
          },
          "MsZkQN3gomSgeFgqVP7iwBfN1dr9kl/cEsiMKTmQp24=": {
            "valueMac": {
              "type": "Buffer",
              "data": "Hj+JgyaWZ0VIbfTkwfQFDUa6S4o40P7mbnm5U3Umf6I="
            }
          },
          "Mi5igWmn5J+e/ax0nAM0qCnNZJM5YINs/KOXyrRemb0=": {
            "valueMac": {
              "type": "Buffer",
              "data": "s8wsWrZ7O94z2HrAHVz56SEjiEQFfY1k02+ThAMicVU="
            }
          },
          "YkWCv9NX6BErlYYDy/2RcGmuZUyVIf+5itmTwB800L8=": {
            "valueMac": {
              "type": "Buffer",
              "data": "y05S340Kx0sESvuOjBwXJEhipBGvaB6ORFoyl5b+Qmg="
            }
          },
          "jTY9C8chCd1Mj4Z5b5E74n6kG+Jg5qzpnvQ+q1PIjJc=": {
            "valueMac": {
              "type": "Buffer",
              "data": "NI+K2zYIF9BpF4uoiHIjBZtPhftCwfhmz/EqO0TB048="
            }
          },
          "EE+488IxAbr5qX3vAW+cjfGSLS/3T/XzhW3gfNJ/qIQ=": {
            "valueMac": {
              "type": "Buffer",
              "data": "/LpkEMgc6qlagMcShcxtDUpYDm2EANg0m8x3caj7Blc="
            }
          },
          "HgiO+Iyi/vX/cgQZMbKg4S+5993Bk7nXJqDIp0tWyTA=": {
            "valueMac": {
              "type": "Buffer",
              "data": "Qvy7FxtZRLdLz5M40xX0wxPYfHptQ10ipz01U/T3Oao="
            }
          },
          "ApXXo+0UuSsloxs3UyG3WXfRxRF6TT3Kx0o6PJ9+Lcw=": {
            "valueMac": {
              "type": "Buffer",
              "data": "Zzrnsdm9QtD2paKDps6nToo7BTlYj6QF3EVPHBq4hdM="
            }
          },
          "3AQuPTyzLkkpLu3ypoHFY1rRh2mTkML/TDt9sXJuERo=": {
            "valueMac": {
              "type": "Buffer",
              "data": "wDyGDl2udoNMDwh9sY1aEAKfE4pwrB0lk6hShk290fw="
            }
          },
          "+cfKfRsnleKWvfpfzNd77/jLKoQxHrrt4VIDvtdWaxE=": {
            "valueMac": {
              "type": "Buffer",
              "data": "VyiQv+yMR7MtcrGzeINwvxKwh6F0KwpsNTCPdOlZegU="
            }
          },
          "L5Z9jGByC6mglRl8JFCUCkM1uZTvy6drsKk+KkVTWqg=": {
            "valueMac": {
              "type": "Buffer",
              "data": "vdbu7q0EMzdTzd29jQNvy5lr9oL5RFuQw7ENb2aj2ak="
            }
          },
          "Qd9OaSucanBsSlgBNQ17lwpiSweFksC5VN9+kdga718=": {
            "valueMac": {
              "type": "Buffer",
              "data": "hSx1NBgjwS+NHa66I0rnywmVTCO6oBtkc+y9LeqfVGU="
            }
          },
          "JPrMIGme/oHebfJL85lSmywj6fs3CgcZU4u/2RxJlHU=": {
            "valueMac": {
              "type": "Buffer",
              "data": "EODatBRrfGj46eM8R1xm6jdjEVk/aKNNSmpjQXh8L20="
            }
          },
          "+OT/KtFMP89f16Tvi+fWiBBZfX8tTGQQk5BLqqUyBGM=": {
            "valueMac": {
              "type": "Buffer",
              "data": "Zu5WSnUqf9+nQm6fM714KoVDp/6AuqYev/mdnVW7um0="
            }
          },
          "TtbK7NwY1tCpTB+4ahIr8oMJ+TaEBausDgfEb9Cqfq4=": {
            "valueMac": {
              "type": "Buffer",
              "data": "vvBTinvCUpq3m6nV6DecMgeeU3g5zwY6WjzZEqLje50="
            }
          },
          "Vpc4GDjo9V6V95jUA0oTyt2mP2fsckxOfUnbE2t/ngg=": {
            "valueMac": {
              "type": "Buffer",
              "data": "ia8XUT2afhwo8mflCdc7bnohhsqQsNvifcf8hzWiZwo="
            }
          },
          "PzFS5CSbN+SAhVSwIzggImeIL/kkhPdVrKUrWlQgxnE=": {
            "valueMac": {
              "type": "Buffer",
              "data": "Lmmke5NVAfzAsg8ThLZwmQ0sqsLh7Q13aED2CQRvcYI="
            }
          },
          "HQz/SM7m+AswDhEplxTWSRKz+J88X8eSunOs1nYCmwY=": {
            "valueMac": {
              "type": "Buffer",
              "data": "ljZFilm2QE66udh/FlU7bYAv0JxPp694ujId786CiJI="
            }
          },
          "2Wr2r+h+jR+ZpxaS7X9YvF3eXoP0bxSztGkQyPW+8ms=": {
            "valueMac": {
              "type": "Buffer",
              "data": "f3l/xmW7pTrs9LcV0kKTM2c/x9/ovN3tfzGXm0cvNfs="
            }
          },
          "iLb+jPKp0KeD+09f2JFicncWx3thn9YPjgIvi3ISsz4=": {
            "valueMac": {
              "type": "Buffer",
              "data": "zQYDKZtm0cdxqMYSAA4d+lXSKGYvdXrcRAyU825n1f0="
            }
          },
          "XP51DMSPq2vUw83iNENc/dnK9QZA6vjOpSHm5X/TMRQ=": {
            "valueMac": {
              "type": "Buffer",
              "data": "uVdMdoMmyanjHG4168BvvsNOJ0lpW9C0TIbEJlOe9f0="
            }
          },
          "X7w2dKEtcCgpYdJcTseNIBwiodre2URX4GbrOTem728=": {
            "valueMac": {
              "type": "Buffer",
              "data": "4ca9ElLhWogDTr2D0LDsVqvXfEq3MYNseATXbQ/KINk="
            }
          },
          "357TWxRqMWQ3h0Wb5nu+yP468znUTH9XuNVE+sFu0bg=": {
            "valueMac": {
              "type": "Buffer",
              "data": "OGlq9EG/2RZb0+G3ZNjTpitbSO2U4ihYlCoDf015FDI="
            }
          },
          "6t6TP8DFe/ISx+nUnn+xeuS6NgiCJuMNqgS3gCR1rzU=": {
            "valueMac": {
              "type": "Buffer",
              "data": "SJqUWDMJ0Q8miTx46aXoRPxtPZhvUb14TZtKRnhF6KA="
            }
          },
          "gSvcPcd/xb0bYHj5uBsy9uZoBeXJqH5unPwx5cSgnXM=": {
            "valueMac": {
              "type": "Buffer",
              "data": "rd2FWg5FhrW899yEhG/U5sVUJzq2YKTTt37OiQ0cpQI="
            }
          },
          "2SVdkjxVJRs1Z7D0XmjPNRGFrkduz1MiTJyUqq0ajqc=": {
            "valueMac": {
              "type": "Buffer",
              "data": "yqU3m4OZDk5j8LUeCHaWK9tioRUu3FCs6F7+TeKcU04="
            }
          },
          "vG3MghNPY5OXBQH4roJDJA9HKRk0OkzDjl+fNxsFEOA=": {
            "valueMac": {
              "type": "Buffer",
              "data": "d+STVTJ0uFbcmeshVNFcsl/Hm1zDS3W4f/qpMcfHFzY="
            }
          },
          "0Ij93055ABo4Q++KCLe/4jyHVDeEBw1ISDy69ECf/JY=": {
            "valueMac": {
              "type": "Buffer",
              "data": "1P2yrVfU6k0Kokqu1SEowBaEQx42cPiO1u1GvtT+cH8="
            }
          },
          "y26N95tJfgjSVtWi/ohG2yYJ7YXMddlnSgH6/FoXlno=": {
            "valueMac": {
              "type": "Buffer",
              "data": "C8z7n35r4Ed/MgvAR7BCizR2fLX1wlaOQAMR5/PTo8Q="
            }
          },
          "E0uV9WXFvfxC3DlXSln5EmgEAvqkcgv5pCB1pj+1iIQ=": {
            "valueMac": {
              "type": "Buffer",
              "data": "0N43uUo9lAshwelXe/beDCgw+16TpQlRHLYZbNX//dE="
            }
          },
          "HXR9AKq58C7LVuH2IcLxXbNq2xyMAv5V+7XDb6jhCaE=": {
            "valueMac": {
              "type": "Buffer",
              "data": "cD/mP+hk6yN+MD9AXItYuDbBk91LCPa1PDuXWLxmu4c="
            }
          },
          "O9rJzg+kSmQKOf8ghyfCNgmttbzlAJqn6JZADbLRB5U=": {
            "valueMac": {
              "type": "Buffer",
              "data": "VoOyc6ftLuuDHJSLCCa5ux8qnINHXRDKReqn5EIp+Uo="
            }
          },
          "n7n6z4/kJqoJ3TW5IgfZ3+LBwsmBUMPROAhJ7gfzU6U=": {
            "valueMac": {
              "type": "Buffer",
              "data": "X4/dGORlEKZHRxNjIapQ/gqbRDd7ca01R6XqfJy78C4="
            }
          },
          "cDdqroH7NuDMpDEGT5e8jLl74NU+T3G5rf1MitkLNpk=": {
            "valueMac": {
              "type": "Buffer",
              "data": "eowc+ushPXe7TBB0RuczEitVQ5SX16ZwIvsqNrtYYOg="
            }
          },
          "66dUcAYFZBqkZhmHQ6QKkObzxLiMdRnnWbiDLT16DJg=": {
            "valueMac": {
              "type": "Buffer",
              "data": "P37MhnXfbhwfdVebcvDIRuh1ytk27JbgNpOSgtPoOQs="
            }
          },
          "iY+j8YifdtSPch3rwqbxoA8aTXSSmXkcmlh9qy3L2rc=": {
            "valueMac": {
              "type": "Buffer",
              "data": "pg1DN4O8+7GYPD4bTKF56h8bEG5LYnkBjAGlrSgh7wo="
            }
          },
          "CqS3gl1S25YabbLxzCaghoyGBMmTySBdUG7q1zIaA+w=": {
            "valueMac": {
              "type": "Buffer",
              "data": "EbUPF8m+wO5vbjNOGwYUJfY/SeS6Y+nV8y5et16P3Qc="
            }
          },
          "nrdjA6VWfZhr9zilKLVSV9a1DlSSmUiTdpdSIGGKPjk=": {
            "valueMac": {
              "type": "Buffer",
              "data": "rUCWGoFEKZ0CmLOWYoAfGeGs6oaghEHf7HYBgh52bEc="
            }
          },
          "T3n11z40Ti2rxVHCKo1A17nJX0DeeIPADAxMikzpPTo=": {
            "valueMac": {
              "type": "Buffer",
              "data": "j1NHhPWRGNI9heuS/+BwGJUctQ8l2LbpJUUZCtJw1iA="
            }
          },
          "qjmXUelRzBxvmx8xiHu8ZB76LFe+oC7l9QzxUAnPaiw=": {
            "valueMac": {
              "type": "Buffer",
              "data": "WIDjlcXm/q9H/eQWQIgZqwuaP9x/lSnQ3CHh7aPdmfc="
            }
          },
          "Q25tOWs5HRByQTlMzR/KSjhvTADMBCpuo2mTKsLaSkI=": {
            "valueMac": {
              "type": "Buffer",
              "data": "KwYIFI2UMlyNHGkkXodYWcpEksxX0RSXZQJQjmJfBq8="
            }
          },
          "h3C3x89UxpPbEehR5xZtVtlfokWWk1/MXzpkQWF7u8A=": {
            "valueMac": {
              "type": "Buffer",
              "data": "UL2R2QNtP3sXVRmYr3xHUPU6yk35lyKDdgzAsz8ueeg="
            }
          },
          "shmplkJ0Ugs2hXIycP1crd8DxjyUaDm5dKnQEjeuWaA=": {
            "valueMac": {
              "type": "Buffer",
              "data": "qQe17ChyDn/KCPa4IgJPdhoJOnjcVc6PlkFj6iJHnVA="
            }
          },
          "jrtaEwDgVpBQ6s99TPXnu+AJaivUClpbTXG8mgyu64U=": {
            "valueMac": {
              "type": "Buffer",
              "data": "1YqLRIaYi+kR88hyO3HY73Kk0Eow3FgWBkM4BaDCPsE="
            }
          },
          "VwPeHTwEhRzxuIjQSpu4EF6JULVwOY025l6hecJDwGA=": {
            "valueMac": {
              "type": "Buffer",
              "data": "Ti7Cy5ytOIrvVUR50NU54Q+1LPBe75jPYiKXBiNiM28="
            }
          }
        }
      },
      "regular": {
        "version": 1,
        "hash": {
          "type": "Buffer",
          "data": "3e01jAQ9n9xM9KFfumDG2SRx31cHMfdJw9ul4g0ymbg3imlvphpAlC7sCd2vAEbMz97LmYh/Uv5QA/+9S7YE5LxL7Ng+x7mcr7WJUR3rX7zhxCQOAfplE8BfdVFyMjgNg1246+KAH2K3CA5uiqE9Lcel2idARrkETnMu+b2uDdc="
        },
        "indexValueMap": {
          "EjRcdbaxl3dTkC/onDax1v676yNjuxihnFM/0KyNoo4=": {
            "valueMac": {
              "type": "Buffer",
              "data": "JcM2E9cZfkoV83Rl4cKBw/1FZVEV3J/We+PtUAPT95Y="
            }
          }
        }
      },
      "regular_high": {
        "version": 1,
        "hash": {
          "type": "Buffer",
          "data": "sSCYR+bktUN9KWD7UvKsZPJdBz7nWrihW6zk19Eit9fIu3yEmBI01mrLgYs6/RhTBfyTLo11yErGnWfW9PgCbx+wgZY194DZNSR2w+KX2fYtMYm3yh/y3Y9Pyo6KgNy1WUSYSHI7+hGa6YMrbUj0moH+12Hl4nPovWNyP3EgxQU="
        },
        "indexValueMap": {
          "YZdKWEuKnntIBSpAnHNsK/n9OKcF9a7/xvBFrSicYjs=": {
            "valueMac": {
              "type": "Buffer",
              "data": "QsRnVhyroltga4b1w/NErr8KL5LC5qRQiIw7MloOvuA="
            }
          }
        }
      },
      "regular_low": {
        "version": 2,
        "hash": {
          "type": "Buffer",
          "data": "5iBOSh2+cim61B/ndphId+nieLK4JoupqoIVldmsf/0k02zZ8WztGy2iU3NXEgeN0ZZGI/DTogNZI7jN/SeQZ6EIWhL4NNYWJk+8tWFJ16X3NnRAU1bWZq2si6YhqME9Islo56pkVdvADGLX8JGJrWyvBLIc0XlyHyMTJ8NU3GU="
        },
        "indexValueMap": {
          "IlsB6HgVnKB5xmO/IZ9w/7ORn7k2PL94l5nssGA2rOs=": {
            "valueMac": {
              "type": "Buffer",
              "data": "q03jGWRRVjLkwNdQ3lIDpSTzAps3+hmdTEHS2PrwQzk="
            }
          },
          "fFQYG5jCG6rWSG06TDxcq/SHDCsBo60RKjScMQWx8JQ=": {
            "valueMac": {
              "type": "Buffer",
              "data": "ZVxlTkfCwuf/EutmP8tDufXAmoOEsPBmQSWdwLS7+n0="
            }
          },
          "pVTEzANTW//BKbO+mPerx+mdB2TUW2wq6rg0phoFWV8=": {
            "valueMac": {
              "type": "Buffer",
              "data": "48GbFa9qzkmInTTySVLEN8YUKjjHwpXxqg75LFtcLis="
            }
          }
        }
      }
    }
  }
}